Title,Link
Despicable Me 2,https://www.imdb.com/title/tt1690953/?ref_=watch_tpks_tt_t_1_pd_tp1_pbr_ic
Despicable Me,https://www.imdb.com/title/tt1323594/?ref_=watch_tpks_tt_t_2_pd_tp1_pbr_ic
Hotel Transylvania,https://www.imdb.com/title/tt0837562/?ref_=watch_tpks_tt_t_3_pd_tp1_pbr_ic
The Angry Birds Movie,https://www.imdb.com/title/tt1985949/?ref_=watch_tpks_tt_t_4_pd_tp1_pbr_ic
Ralph Breaks the Internet,https://www.imdb.com/title/tt5848272/?ref_=watch_tpks_tt_t_5_pd_tp1_pbr_ic
Wreck-It Ralph,https://www.imdb.com/title/tt1772341/?ref_=watch_tpks_tt_t_6_pd_tp1_pbr_ic
Cars 3,https://www.imdb.com/title/tt3606752/?ref_=watch_tpks_tt_t_7_pd_tp1_pbr_ic
Ice Age,https://www.imdb.com/title/tt0268380/?ref_=watch_tpks_tt_t_8_pd_tp1_pbr_ic
Megamind,https://www.imdb.com/title/tt1001526/?ref_=watch_tpks_tt_t_9_pd_tp1_pbr_ic
Kung Fu Panda 3,https://www.imdb.com/title/tt2267968/?ref_=watch_tpks_tt_t_10_pd_tp1_pbr_ic
Incredibles 2,https://www.imdb.com/title/tt3606756/?ref_=watch_tpks_tt_t_11_pd_tp1_pbr_ic
Madagascar: Escape 2 Africa,https://www.imdb.com/title/tt0479952/?ref_=watch_tpks_tt_t_12_pd_tp1_pbr_ic
Monsters University,https://www.imdb.com/title/tt1453405/?ref_=watch_tpks_tt_t_13_pd_tp1_pbr_ic
Rio 2,https://www.imdb.com/title/tt2357291/?ref_=watch_tpks_tt_t_14_pd_tp1_pbr_ic
Moana,https://www.imdb.com/title/tt3521164/?ref_=watch_tpks_tt_t_15_pd_tp1_pbr_ic
Finding Dory,https://www.imdb.com/title/tt2277860/?ref_=watch_tpks_tt_t_16_pd_tp1_pbr_ic
Kung Fu Panda 2,https://www.imdb.com/title/tt1302011/?ref_=watch_tpks_tt_t_17_pd_tp1_pbr_ic
Ice Age: The Meltdown,https://www.imdb.com/title/tt0438097/?ref_=watch_tpks_tt_t_18_pd_tp1_pbr_ic
Tangled,https://www.imdb.com/title/tt0398286/?ref_=watch_tpks_tt_t_19_pd_tp1_pbr_ic
Madagascar 3: Europe's Most Wanted,https://www.imdb.com/title/tt1277953/?ref_=watch_tpks_tt_t_20_pd_tp1_pbr_ic
Minions: The Rise of Gru,https://www.imdb.com/title/tt5113044/?ref_=watch_tpks_tt_t_21_pd_tp1_pbr_ic
Puss in Boots,https://www.imdb.com/title/tt0448694/?ref_=watch_tpks_tt_t_22_pd_tp1_pbr_ic
Cloudy with a Chance of Meatballs,https://www.imdb.com/title/tt0844471/?ref_=watch_tpks_tt_t_23_pd_tp1_pbr_ic
Despicable Me 3,https://www.imdb.com/title/tt3469046/?ref_=watch_tpks_tt_t_24_pd_tp1_pbr_ic
Cars,https://www.imdb.com/title/tt0317219/?ref_=watch_tpks_tt_t_25_pd_tp1_pbr_ic
Rise of the Guardians,https://www.imdb.com/title/tt1446192/?ref_=watch_tpks_tt_t_26_pd_tp1_pbr_ic
Kung Fu Panda,https://www.imdb.com/title/tt0441773/?ref_=watch_tpks_tt_t_27_pd_tp1_pbr_ic
Rio,https://www.imdb.com/title/tt1436562/?ref_=watch_tpks_tt_t_28_pd_tp1_pbr_ic
Madagascar,https://www.imdb.com/title/tt0351283/?ref_=watch_tpks_tt_t_29_pd_tp1_pbr_ic
Big Hero 6,https://www.imdb.com/title/tt2245084/?ref_=watch_tpks_tt_t_30_pd_tp1_pbr_ic
Frozen,https://www.imdb.com/title/tt2294629/?ref_=watch_tpks_tt_t_31_pd_tp1_pbr_ic
Ice Age: Continental Drift,https://www.imdb.com/title/tt1667889/?ref_=watch_tpks_tt_t_32_pd_tp1_pbr_ic
Bolt,https://www.imdb.com/title/tt0397892/?ref_=watch_tpks_tt_t_33_pd_tp1_pbr_ic
The Croods,https://www.imdb.com/title/tt0481499/?ref_=watch_tpks_tt_t_34_pd_tp1_pbr_ic
Toy Story 2,https://www.imdb.com/title/tt0120363/?ref_=watch_tpks_tt_t_35_pd_tp1_pbr_ic
Zootopia,https://www.imdb.com/title/tt2948356/?ref_=watch_tpks_tt_t_36_pd_tp1_pbr_ic
The Lego Movie,https://www.imdb.com/title/tt1490017/?ref_=watch_tpks_tt_t_37_pd_tp1_pbr_ic
Hotel Transylvania 3: Summer Vacation,https://www.imdb.com/title/tt5220122/?ref_=watch_tpks_tt_t_38_pd_tp1_pbr_ic
Cars 2,https://www.imdb.com/title/tt1216475/?ref_=watch_tpks_tt_t_39_pd_tp1_pbr_ic
How to Train Your Dragon 2,https://www.imdb.com/title/tt1646971/?ref_=watch_tpks_tt_t_40_pd_tp1_pbr_ic
The Secret Life of Pets,https://www.imdb.com/title/tt2709768/?ref_=watch_tpks_tt_t_41_pd_tp1_pbr_ic
Ice Age: Dawn of the Dinosaurs,https://www.imdb.com/title/tt1080016/?ref_=watch_tpks_tt_t_42_pd_tp1_pbr_ic
Brave,https://www.imdb.com/title/tt1217209/?ref_=watch_tpks_tt_t_43_pd_tp1_pbr_ic
Penguins of Madagascar,https://www.imdb.com/title/tt1911658/?ref_=watch_tpks_tt_t_44_pd_tp1_pbr_ic
The Boss Baby,https://www.imdb.com/title/tt3874544/?ref_=watch_tpks_tt_t_45_pd_tp1_pbr_ic
Hotel Transylvania 2,https://www.imdb.com/title/tt2510894/?ref_=watch_tpks_tt_t_46_pd_tp1_pbr_ic
Turbo,https://www.imdb.com/title/tt1860353/?ref_=watch_tpks_tt_t_47_pd_tp1_pbr_ic
Sing,https://www.imdb.com/title/tt3470600/?ref_=watch_tpks_tt_t_48_pd_tp1_pbr_ic
